customer_id,tenure_months,monthly_charges,total_charges,contract,internet,support_calls,senior,paperless,churn
C0000,68,90.27,6311.31,month-to-month,fiber,2,1,1,0
C0001,45,59.98,2732.47,month-to-month,none,2,0,0,0
C0002,49,103.33,5052.67,one-year,none,1,0,1,0
C0003,64,42.57,2823.23,two-year,fiber,0,1,1,0
C0004,42,88.96,3729.9,month-to-month,none,2,0,0,0
C0005,56,80.87,4733.19,month-to-month,fiber,2,0,1,1
C0006,60,89.22,5012.78,month-to-month,fiber,1,1,1,1
C0007,16,111.34,1718.1,month-to-month,dsl,1,1,1,1
C0008,4,102.66,441.28,two-year,fiber,1,0,1,1
C0009,22,44.81,965.08,two-year,none,2,0,1,0
C0010,21,32.85,737.17,two-year,fiber,1,0,0,0
C0011,63,87.97,6027.66,one-year,fiber,1,0,1,0
C0012,65,47.67,3147.16,one-year,fiber,3,1,1,0
C0013,1,69.73,64.17,month-to-month,dsl,3,0,0,1
C0014,36,88.47,3348.73,month-to-month,none,2,0,0,1
C0015,59,33.84,2062.58,month-to-month,dsl,0,0,1,0
C0016,10,23.58,225.94,two-year,dsl,2,0,0,0
C0017,57,75.7,4628.42,month-to-month,dsl,1,1,0,0
C0018,9,70.98,636.58,month-to-month,dsl,2,1,0,1
C0019,34,64.59,2001.56,month-to-month,none,1,1,1,1
C0020,58,70.85,3754.12,month-to-month,dsl,0,1,1,0
C0021,22,51.07,1062.47,one-year,dsl,0,1,0,0
C0022,25,36.7,937.73,month-to-month,fiber,1,0,1,0
C0023,20,66.33,1410.3,month-to-month,fiber,0,1,1,0
C0024,52,48.62,2325.61,two-year,fiber,1,0,1,0
C0025,19,33.84,581.59,two-year,fiber,2,0,1,0
C0026,71,81.12,5900.99,one-year,dsl,2,1,1,0
C0027,32,68.65,2157.0,one-year,none,0,0,1,0
C0028,34,78.94,2652.75,month-to-month,dsl,3,1,0,0
C0029,36,48.24,1847.86,two-year,dsl,3,1,0,0
C0030,42,55.52,2527.38,one-year,dsl,1,1,0,0
C0031,40,48.02,2100.34,month-to-month,fiber,1,1,1,0
C0032,37,50.49,1972.58,month-to-month,none,1,0,0,0
C0033,71,74.3,4751.15,month-to-month,fiber,1,0,1,0
C0034,58,52.77,2846.97,month-to-month,fiber,2,0,0,0
C0035,57,77.83,4513.95,month-to-month,fiber,1,1,1,1
C0036,50,77.47,4226.46,month-to-month,fiber,0,0,1,0
C0037,45,114.55,4723.39,month-to-month,fiber,3,1,1,1
C0038,25,39.36,986.91,month-to-month,dsl,1,0,1,0
C0039,71,89.53,6225.28,month-to-month,dsl,3,1,1,0
C0040,34,68.03,2269.96,month-to-month,dsl,0,0,1,0
C0041,16,69.69,1063.45,month-to-month,fiber,2,0,0,1
C0042,61,38.1,2217.72,month-to-month,fiber,2,1,1,0
C0043,12,59.88,680.91,one-year,fiber,2,1,0,1
C0044,61,86.35,4849.31,month-to-month,dsl,1,0,0,0
C0045,44,68.19,3032.6,month-to-month,none,2,0,0,1
C0046,9,71.78,639.06,one-year,fiber,0,0,1,0
C0047,4,63.6,265.25,month-to-month,none,2,0,1,0
C0048,32,95.4,3138.26,month-to-month,fiber,1,0,0,1
C0049,3,69.53,227.47,one-year,fiber,2,0,0,0
C0050,11,21.59,229.88,one-year,none,1,1,0,0
C0051,37,54.77,2181.69,two-year,fiber,2,0,0,0
C0052,69,26.69,1798.93,two-year,fiber,0,0,1,0
C0053,34,20.0,701.85,one-year,dsl,2,0,0,0
C0054,58,58.34,3589.96,one-year,fiber,1,1,1,0
C0055,66,99.34,6420.98,month-to-month,fiber,3,1,0,0
C0056,59,71.04,4146.03,one-year,dsl,2,1,0,0
C0057,45,44.2,2041.4,month-to-month,dsl,0,1,0,0
C0058,32,49.3,1454.93,month-to-month,fiber,1,1,1,0
C0059,37,94.87,3532.62,month-to-month,dsl,2,1,0,1
C0060,19,73.47,1282.8,month-to-month,fiber,0,0,0,1
C0061,36,71.06,2417.26,month-to-month,dsl,0,0,1,0
C0062,27,68.82,1903.98,one-year,dsl,1,1,1,0
C0063,18,70.84,1395.63,one-year,none,0,0,0,0
C0064,71,87.72,6850.05,one-year,dsl,0,1,0,0
C0065,1,82.16,78.22,month-to-month,fiber,1,1,0,1
C0066,7,74.75,486.21,one-year,dsl,1,1,1,0
C0067,14,47.06,661.25,two-year,dsl,0,1,1,0
C0068,69,81.24,5540.13,month-to-month,fiber,2,1,1,0
C0069,50,54.95,2681.08,month-to-month,fiber,2,0,1,0
C0070,63,94.06,6244.27,month-to-month,dsl,3,1,1,0
C0071,15,42.04,657.0,month-to-month,none,1,0,1,0
C0072,52,66.97,3525.62,month-to-month,none,3,1,1,1
C0073,27,69.84,1931.43,month-to-month,fiber,2,1,1,0
C0074,35,40.86,1453.43,month-to-month,fiber,2,1,1,1
C0075,1,107.88,111.7,one-year,dsl,1,1,1,1
C0076,44,102.13,4878.16,month-to-month,dsl,0,0,0,0
C0077,59,59.8,3843.46,one-year,dsl,2,1,0,0
C0078,48,86.98,4575.31,month-to-month,none,2,1,0,0
C0079,11,78.33,923.63,one-year,dsl,2,1,0,0
C0080,38,20.0,699.92,one-year,fiber,3,0,0,0
C0081,19,75.51,1420.8,one-year,fiber,3,0,1,0
C0082,69,68.65,5003.64,month-to-month,dsl,2,1,1,0
C0083,63,71.83,4339.2,two-year,dsl,4,0,0,0
C0084,14,46.31,662.16,one-year,fiber,2,0,1,1
C0085,37,64.07,2159.87,month-to-month,fiber,1,1,1,1
C0086,67,66.08,4164.83,month-to-month,dsl,1,1,0,0
C0087,61,96.14,5747.39,month-to-month,none,0,1,0,0
C0088,51,77.36,3606.09,month-to-month,dsl,3,0,0,0
C0089,46,69.88,3165.73,month-to-month,fiber,0,1,0,0
C0090,3,103.64,294.13,month-to-month,dsl,0,0,0,1
C0091,53,57.78,3284.17,month-to-month,fiber,1,0,1,0
C0092,34,61.43,2013.02,one-year,dsl,2,0,1,0
C0093,7,30.03,205.2,month-to-month,dsl,1,0,0,0
C0094,18,104.52,1995.01,month-to-month,fiber,0,1,1,1
C0095,39,91.22,3599.85,month-to-month,fiber,2,0,1,0
C0096,52,90.17,4266.96,month-to-month,fiber,1,0,0,0
C0097,37,84.72,2957.43,month-to-month,fiber,1,1,1,1
C0098,44,72.42,3257.29,two-year,fiber,1,0,1,0
C0099,62,74.74,4355.3,month-to-month,dsl,2,1,0,0
C0100,49,64.46,2999.35,month-to-month,fiber,1,1,1,0
C0101,26,65.52,1745.43,month-to-month,dsl,1,0,1,0
C0102,46,71.19,3271.41,month-to-month,dsl,1,1,0,0
C0103,43,103.26,4235.14,two-year,fiber,2,1,0,1
C0104,8,82.23,665.59,two-year,dsl,2,0,1,0
C0105,5,68.71,352.76,month-to-month,dsl,2,0,0,1
C0106,47,57.25,2443.01,month-to-month,fiber,1,0,1,1
C0107,28,56.03,1497.88,month-to-month,fiber,0,0,0,0
C0108,43,105.26,4352.09,month-to-month,fiber,0,0,1,1
C0109,23,81.15,2007.75,one-year,fiber,1,1,1,0
C0110,17,71.49,1106.21,one-year,dsl,0,1,1,0
C0111,11,62.38,665.24,one-year,fiber,1,0,0,0
C0112,28,45.6,1198.82,one-year,fiber,0,0,1,0
C0113,58,68.53,4129.81,month-to-month,none,2,0,1,0
C0114,29,89.22,2748.45,month-to-month,dsl,1,0,1,1
C0115,27,61.36,1510.18,month-to-month,none,0,0,0,0
C0116,41,65.0,2858.67,one-year,none,3,1,1,0
C0117,70,65.14,4738.31,month-to-month,fiber,1,0,0,0
C0118,28,72.41,1912.74,month-to-month,fiber,0,0,1,0
C0119,42,34.95,1590.15,two-year,none,0,1,0,0
C0120,32,64.82,1988.42,month-to-month,fiber,0,0,1,1
C0121,43,51.2,2328.77,month-to-month,dsl,1,0,1,0
C0122,32,89.46,2619.39,month-to-month,fiber,0,0,1,0
C0123,46,53.05,2418.7,two-year,none,2,1,1,0
C0124,39,82.7,3228.82,month-to-month,dsl,0,0,0,0
C0125,49,103.54,5475.75,month-to-month,fiber,3,0,0,1
C0126,68,63.1,4579.66,month-to-month,dsl,0,0,0,0
C0127,11,56.77,630.21,one-year,none,1,0,1,0
C0128,40,74.21,2702.21,month-to-month,fiber,4,0,0,1
C0129,32,69.96,2207.22,two-year,dsl,1,1,1,0
C0130,26,48.14,1220.43,month-to-month,fiber,0,1,1,0
C0131,18,80.14,1585.48,one-year,fiber,3,0,0,0
C0132,4,114.34,473.9,month-to-month,dsl,0,1,0,1
C0133,29,64.32,1829.9,two-year,fiber,0,0,0,0
C0134,59,65.54,3762.12,month-to-month,fiber,2,1,0,0
C0135,7,47.01,346.69,one-year,dsl,2,1,1,0
C0136,29,77.02,2053.01,two-year,fiber,1,1,0,0
C0137,69,42.57,3123.31,month-to-month,none,1,1,0,0
C0138,68,45.65,3210.13,month-to-month,fiber,4,0,1,0
C0139,16,98.15,1550.12,one-year,fiber,2,1,1,1
C0140,1,50.08,52.19,month-to-month,dsl,0,1,0,0
C0141,48,93.79,4409.91,month-to-month,dsl,0,1,0,1
C0142,2,103.54,192.29,one-year,none,2,1,0,1
C0143,22,75.71,1637.85,month-to-month,fiber,2,0,0,1
C0144,36,82.17,2692.85,month-to-month,none,2,1,1,0
C0145,63,112.95,6528.22,month-to-month,fiber,0,1,0,1
C0146,7,65.67,454.1,month-to-month,fiber,2,1,1,1
C0147,48,56.95,2911.52,month-to-month,fiber,2,1,0,1
C0148,38,40.23,1438.1,month-to-month,fiber,1,1,1,0
C0149,10,70.92,709.29,month-to-month,dsl,1,1,0,1
C0150,61,102.54,6854.18,month-to-month,fiber,3,0,0,1
C0151,61,91.11,5921.76,month-to-month,fiber,2,0,0,0
C0152,35,49.27,1863.22,one-year,fiber,1,0,1,0
C0153,68,51.18,3602.15,month-to-month,dsl,1,0,0,0
C0154,44,58.91,2638.14,month-to-month,dsl,1,0,1,0
C0155,65,76.43,5049.26,month-to-month,dsl,1,1,1,0
C0156,69,65.48,4609.82,month-to-month,dsl,3,1,1,0
C0157,41,74.72,3041.98,month-to-month,none,2,1,0,1
C0158,20,76.53,1487.9,month-to-month,fiber,1,0,1,0
C0159,11,63.43,661.23,month-to-month,fiber,1,1,0,1
C0160,40,69.12,2524.29,one-year,fiber,1,0,0,0
C0161,14,74.55,1016.32,two-year,dsl,2,0,0,0
C0162,54,68.15,3878.9,two-year,fiber,1,1,1,0
C0163,66,81.08,5407.5,month-to-month,none,1,1,1,0
C0164,18,111.16,1866.4,month-to-month,fiber,0,0,0,0
C0165,40,83.02,3529.63,month-to-month,fiber,5,1,0,1
C0166,4,71.23,258.78,month-to-month,fiber,1,1,1,1
C0167,13,32.91,464.65,two-year,dsl,4,1,1,0
C0168,27,78.54,2184.83,month-to-month,fiber,1,1,1,1
C0169,63,27.17,1731.12,month-to-month,fiber,0,1,0,0
C0170,69,39.0,2644.05,one-year,fiber,0,1,1,0
C0171,46,88.8,4350.44,one-year,dsl,2,0,1,0
C0172,42,85.54,3238.18,month-to-month,fiber,0,1,0,1
C0173,41,66.7,2469.98,two-year,dsl,1,1,0,0
C0174,5,32.38,162.56,month-to-month,fiber,0,1,1,0
C0175,27,61.83,1601.66,one-year,dsl,1,1,0,0
C0176,70,55.07,3778.84,month-to-month,fiber,1,0,1,0
C0177,30,84.01,2538.76,two-year,fiber,1,1,1,0
C0178,16,119.67,1740.01,month-to-month,fiber,1,0,1,1
C0179,18,74.77,1475.94,month-to-month,none,1,0,1,0
C0180,51,52.86,2791.38,two-year,fiber,1,1,1,0
C0181,3,44.25,122.09,two-year,fiber,2,1,0,0
C0182,69,68.77,4971.28,two-year,dsl,2,1,0,0
C0183,63,66.11,4192.37,two-year,none,0,0,0,0
C0184,41,44.67,1899.8,month-to-month,fiber,1,1,1,0
C0185,34,72.56,2584.32,month-to-month,none,2,1,0,0
C0186,55,44.68,2698.89,month-to-month,none,0,0,0,0
C0187,39,94.47,3403.01,month-to-month,fiber,0,1,1,0
C0188,34,93.38,3489.95,two-year,none,0,1,1,0
C0189,23,93.86,2148.89,month-to-month,fiber,2,0,0,1
C0190,32,59.57,1792.25,month-to-month,fiber,0,0,1,0
C0191,54,81.32,4280.25,month-to-month,dsl,3,1,0,0
C0192,4,67.09,261.1,month-to-month,none,2,0,1,0
C0193,2,61.45,132.61,month-to-month,none,2,1,1,1
C0194,52,62.54,3267.82,month-to-month,dsl,0,1,1,0
C0195,27,41.41,1021.09,two-year,dsl,3,0,1,0
C0196,58,38.23,2312.93,one-year,fiber,3,1,0,0
C0197,3,87.47,262.31,month-to-month,fiber,1,1,1,1
C0198,65,65.79,4545.62,two-year,dsl,2,1,1,0
C0199,9,74.76,611.82,one-year,none,2,0,0,0
C0200,30,92.04,2962.69,month-to-month,fiber,2,0,1,1
C0201,69,31.87,2371.89,two-year,none,4,0,0,0
C0202,8,52.75,380.49,two-year,fiber,2,0,0,0
C0203,47,73.86,3455.27,one-year,fiber,1,0,0,0
C0204,52,78.63,3779.12,month-to-month,fiber,1,0,0,0
C0205,31,61.7,1924.09,two-year,dsl,1,1,0,0
C0206,6,92.64,510.18,two-year,dsl,3,0,1,1
C0207,38,74.63,3055.41,month-to-month,fiber,1,0,1,0
C0208,31,43.31,1257.53,month-to-month,fiber,2,1,0,0
C0209,62,49.52,3173.73,two-year,none,2,1,0,0
C0210,49,87.72,4430.32,one-year,fiber,1,0,0,0
C0211,25,80.2,1933.25,month-to-month,none,1,0,0,0
C0212,5,28.22,133.05,one-year,dsl,0,0,1,0
C0213,42,99.65,4532.87,month-to-month,none,2,1,1,1
C0214,20,83.16,1510.06,two-year,none,1,1,1,0
C0215,49,99.55,4638.24,month-to-month,dsl,3,0,1,0
C0216,62,61.56,3684.36,month-to-month,none,3,1,0,0
C0217,26,63.49,1678.65,month-to-month,fiber,0,1,1,0
C0218,65,45.22,2862.27,month-to-month,fiber,5,0,1,1
C0219,37,125.81,4293.24,two-year,none,1,1,0,1
C0220,38,66.14,2548.68,month-to-month,fiber,1,1,1,0
C0221,55,104.93,6029.55,month-to-month,fiber,3,1,0,1
C0222,57,55.76,3308.47,two-year,fiber,0,0,0,0
C0223,65,73.6,4774.33,month-to-month,none,2,0,1,0
C0224,71,33.23,2268.21,month-to-month,none,3,0,1,0
C0225,11,61.58,611.0,two-year,dsl,0,0,1,0
C0226,30,91.64,2767.31,month-to-month,fiber,2,0,0,1
C0227,67,42.46,2918.07,two-year,dsl,0,1,1,1
C0228,22,93.59,2034.77,two-year,dsl,1,1,0,0
C0229,1,77.42,84.53,month-to-month,dsl,3,1,1,1
C0230,41,47.03,1813.52,one-year,fiber,2,0,1,0
C0231,54,58.96,3384.13,one-year,dsl,3,1,1,0
C0232,53,59.9,3313.64,one-year,dsl,2,0,0,0
C0233,58,68.91,4316.02,month-to-month,dsl,2,1,0,0
C0234,46,58.2,2904.76,month-to-month,dsl,2,1,1,0
C0235,10,51.8,490.72,month-to-month,fiber,1,1,1,0
C0236,61,63.3,4186.98,month-to-month,dsl,3,0,1,0
C0237,30,47.41,1394.73,month-to-month,fiber,2,1,0,0
C0238,61,41.63,2630.41,two-year,fiber,1,1,1,0
C0239,58,68.94,4360.71,two-year,dsl,2,0,1,0
C0240,69,89.42,6287.88,month-to-month,dsl,1,1,1,1
C0241,2,36.35,73.91,one-year,none,1,0,0,0
C0242,62,70.08,3971.88,month-to-month,none,1,0,0,0
C0243,45,55.7,2555.0,month-to-month,none,2,0,0,0
C0244,35,48.5,1609.7,month-to-month,dsl,1,1,1,0
C0245,57,88.78,4947.12,two-year,fiber,2,0,0,0
C0246,68,58.6,3887.47,month-to-month,fiber,0,1,1,0
C0247,37,102.96,4170.28,one-year,dsl,0,0,0,0
C0248,7,52.84,380.1,two-year,fiber,1,1,0,1
C0249,52,78.5,4265.83,month-to-month,none,3,1,0,1
C0250,17,65.0,1032.68,two-year,none,0,0,0,0
C0251,17,53.41,872.45,month-to-month,fiber,3,0,1,0
C0252,14,82.93,1248.65,one-year,dsl,6,1,0,1
C0253,15,66.59,922.99,two-year,none,0,0,0,0
C0254,65,83.27,5903.1,two-year,none,1,0,0,1
C0255,26,68.96,1766.92,two-year,fiber,2,0,0,0
C0256,8,46.11,360.78,one-year,dsl,2,0,1,0
C0257,13,67.75,883.39,two-year,fiber,3,1,1,0
C0258,29,71.14,2039.73,month-to-month,fiber,0,0,1,0
C0259,25,91.09,2263.73,month-to-month,fiber,1,1,1,1
C0260,23,50.06,1133.92,month-to-month,fiber,0,1,1,0
C0261,68,69.13,4890.86,month-to-month,dsl,4,1,1,0
C0262,62,32.12,1902.26,month-to-month,dsl,0,1,1,0
C0263,41,84.33,3227.02,one-year,dsl,1,1,1,0
C0264,71,46.21,3237.77,one-year,dsl,2,0,0,0
C0265,25,30.26,694.21,month-to-month,none,1,1,1,0
C0266,10,68.7,679.74,two-year,dsl,0,0,0,0
C0267,20,94.33,1884.36,month-to-month,fiber,1,0,1,1
C0268,7,36.46,269.75,month-to-month,fiber,1,1,0,0
C0269,68,46.06,2887.38,two-year,fiber,1,0,1,0
C0270,16,53.65,840.66,two-year,fiber,1,1,0,0
C0271,32,45.15,1525.91,one-year,dsl,3,1,0,0
C0272,15,78.35,1137.19,month-to-month,fiber,0,0,0,0
C0273,70,52.24,3902.54,month-to-month,fiber,2,1,0,0
C0274,12,54.13,677.89,two-year,fiber,1,0,1,0
C0275,37,82.83,2783.9,month-to-month,fiber,1,0,1,1
C0276,68,53.38,3546.47,two-year,none,3,0,0,0
C0277,38,79.52,3182.79,one-year,none,2,0,0,0
C0278,64,48.63,3128.81,month-to-month,fiber,1,0,0,0
C0279,64,43.33,2869.2,two-year,fiber,1,1,1,0
C0280,55,29.62,1788.77,month-to-month,dsl,0,0,1,0
C0281,53,110.95,6086.27,one-year,none,1,1,0,1
C0282,41,62.95,2604.9,one-year,fiber,2,1,1,0
C0283,42,75.37,3384.51,month-to-month,none,2,1,0,0
C0284,60,69.32,4100.96,month-to-month,dsl,1,1,0,0
C0285,31,73.52,2055.93,one-year,none,2,1,1,0
C0286,68,71.09,4614.34,month-to-month,dsl,5,1,0,0
C0287,63,111.98,7188.44,month-to-month,fiber,1,1,1,1
C0288,27,47.14,1386.99,two-year,dsl,2,1,0,0
C0289,30,35.74,1095.05,two-year,dsl,0,1,0,0
C0290,51,47.74,2329.26,month-to-month,fiber,3,0,1,0
C0291,66,40.64,2946.56,two-year,dsl,1,0,0,0
C0292,7,86.43,592.95,month-to-month,fiber,2,0,0,1
C0293,5,88.05,416.28,month-to-month,dsl,1,0,1,0
C0294,18,48.85,888.63,two-year,none,3,1,0,0
C0295,31,39.41,1183.62,month-to-month,dsl,0,1,1,1
C0296,12,62.19,688.35,one-year,dsl,4,1,1,1
C0297,37,100.6,3880.79,two-year,none,1,0,0,0
C0298,39,20.0,809.87,month-to-month,fiber,2,0,0,0
C0299,68,81.59,6071.76,month-to-month,fiber,2,1,1,0
C0300,53,46.33,2277.31,two-year,none,2,0,0,0
C0301,18,92.89,1809.27,one-year,dsl,1,0,1,0
C0302,56,46.29,2746.06,two-year,fiber,2,1,1,0
C0303,58,63.72,3513.3,month-to-month,fiber,0,1,1,0
C0304,49,36.86,1798.75,one-year,fiber,1,0,1,0
C0305,49,48.5,2438.37,two-year,fiber,1,1,1,0
C0306,23,100.49,2225.69,month-to-month,dsl,2,1,1,1
C0307,51,88.05,4138.22,month-to-month,dsl,0,0,1,1
C0308,10,61.16,652.87,month-to-month,fiber,1,0,0,0
C0309,45,50.86,2135.06,month-to-month,fiber,1,1,1,0
C0310,66,28.34,1866.72,month-to-month,dsl,1,0,0,0
C0311,69,61.34,4179.69,month-to-month,dsl,0,1,1,0
C0312,22,69.32,1647.97,month-to-month,fiber,1,0,0,1
C0313,24,68.15,1654.9,one-year,dsl,3,1,1,0
C0314,44,67.94,2944.02,month-to-month,fiber,0,1,1,0
C0315,29,45.32,1439.62,one-year,fiber,2,0,0,0
C0316,52,68.54,3459.07,month-to-month,none,2,0,1,0
C0317,15,69.15,1084.22,month-to-month,dsl,1,0,0,0
C0318,12,98.39,1117.88,one-year,fiber,6,1,1,1
C0319,4,111.07,467.13,month-to-month,dsl,1,1,1,1
C0320,34,66.99,2391.98,one-year,fiber,2,0,1,0
C0321,16,53.14,906.06,month-to-month,fiber,0,1,0,1
C0322,22,68.57,1503.94,one-year,dsl,2,0,1,0
C0323,65,56.63,3476.55,two-year,none,0,1,1,0
C0324,58,53.67,3194.82,month-to-month,fiber,2,0,0,0
C0325,60,68.71,4460.82,month-to-month,dsl,0,1,1,0
C0326,43,47.05,1946.09,one-year,none,2,0,1,0
C0327,8,83.33,602.7,month-to-month,fiber,0,0,1,1
C0328,54,67.71,3426.18,two-year,none,1,0,1,0
C0329,43,75.5,3527.6,month-to-month,dsl,5,1,0,1
C0330,65,65.98,3864.75,month-to-month,none,5,0,1,0
C0331,35,54.0,1721.37,one-year,dsl,2,1,0,0
C0332,13,49.14,587.56,two-year,fiber,1,0,0,0
C0333,43,64.78,3003.83,one-year,dsl,1,1,1,0
C0334,33,57.93,1866.99,two-year,fiber,2,0,1,0
C0335,47,75.15,3667.2,month-to-month,fiber,2,0,0,0
C0336,27,69.9,1965.08,month-to-month,dsl,1,1,0,0
C0337,22,40.03,869.02,one-year,dsl,2,1,1,0
C0338,9,71.48,673.19,two-year,dsl,4,1,0,0
C0339,69,40.46,2769.89,one-year,fiber,1,0,0,0
C0340,54,56.44,3073.13,one-year,dsl,0,1,0,0
C0341,34,63.52,2076.37,month-to-month,fiber,1,1,0,1
C0342,17,24.34,372.62,one-year,dsl,2,0,1,0
C0343,45,72.01,3301.07,one-year,dsl,1,1,0,0
C0344,30,73.32,2096.54,two-year,none,3,1,0,0
C0345,46,66.52,2922.48,two-year,fiber,0,1,0,0
C0346,7,60.67,456.83,one-year,fiber,0,0,0,0
C0347,14,61.78,841.03,two-year,fiber,0,0,0,0
C0348,53,48.52,2366.86,month-to-month,none,1,1,0,0
C0349,5,64.07,328.69,one-year,dsl,4,0,0,1
C0350,49,57.84,2856.07,month-to-month,dsl,1,0,0,0
C0351,30,72.02,1969.34,one-year,fiber,0,0,1,0
C0352,1,43.51,42.19,month-to-month,dsl,2,0,0,0
C0353,55,75.18,4227.03,month-to-month,dsl,0,1,1,0
C0354,50,73.15,3496.4,two-year,none,2,0,1,0
C0355,58,66.89,4256.56,month-to-month,fiber,1,0,0,0
C0356,64,60.34,4092.5,month-to-month,fiber,2,1,0,0
C0357,52,82.15,4275.48,month-to-month,dsl,3,0,0,0
C0358,60,33.38,2169.16,two-year,fiber,0,0,0,0
C0359,9,80.13,654.06,month-to-month,fiber,1,0,0,1
C0360,66,75.35,4698.92,two-year,dsl,0,1,0,0
C0361,65,76.23,5366.35,month-to-month,none,0,1,1,0
C0362,50,78.43,3928.48,month-to-month,none,1,0,1,0
C0363,57,55.62,2961.22,one-year,none,3,1,0,0
C0364,53,64.29,3455.24,one-year,none,1,1,0,1
C0365,63,84.02,5536.68,two-year,fiber,1,1,1,0
C0366,64,79.47,5191.54,two-year,dsl,1,1,1,0
C0367,38,74.55,2575.52,month-to-month,fiber,1,1,0,1
C0368,58,36.68,1930.58,one-year,dsl,3,1,0,0
C0369,66,81.83,5300.65,one-year,fiber,0,1,0,0
C0370,22,95.73,1902.27,month-to-month,dsl,1,1,1,1
C0371,4,92.21,338.17,one-year,dsl,3,1,0,1
C0372,13,75.15,1004.74,two-year,fiber,1,0,0,0
C0373,3,35.73,105.87,month-to-month,fiber,2,0,1,1
C0374,31,90.74,2579.64,two-year,fiber,1,0,0,0
C0375,2,66.76,143.57,month-to-month,fiber,2,0,0,1
C0376,19,20.0,370.01,month-to-month,none,0,0,0,0
C0377,18,78.3,1517.38,one-year,fiber,0,1,1,0
C0378,51,37.17,1937.2,month-to-month,none,3,1,0,0
C0379,18,41.48,764.67,one-year,fiber,2,0,1,0
C0380,68,56.03,3752.21,month-to-month,none,0,0,0,0
C0381,14,98.0,1419.15,month-to-month,none,2,1,0,1
C0382,69,61.84,4048.18,one-year,dsl,1,0,0,0
C0383,41,75.96,2963.34,one-year,dsl,3,0,0,0
C0384,18,108.46,2098.57,month-to-month,fiber,0,0,1,0
C0385,3,105.07,296.53,month-to-month,dsl,0,1,1,1
C0386,22,67.73,1456.02,two-year,dsl,0,0,0,0
C0387,42,64.69,2849.81,two-year,none,0,0,1,0
C0388,8,42.26,326.59,two-year,dsl,0,0,0,0
C0389,12,54.72,639.06,month-to-month,dsl,1,0,0,0
C0390,9,79.36,772.67,month-to-month,fiber,2,1,0,0
C0391,49,78.71,3630.19,month-to-month,dsl,0,0,0,0
C0392,7,72.43,480.73,month-to-month,dsl,2,0,0,1
C0393,2,91.89,197.99,month-to-month,none,1,1,0,1
C0394,33,53.01,1670.63,month-to-month,fiber,0,0,1,0
C0395,23,68.77,1528.04,month-to-month,fiber,2,1,1,1
C0396,41,86.09,3799.23,month-to-month,dsl,0,0,0,0
C0397,67,82.85,5352.45,month-to-month,dsl,2,1,1,1
C0398,61,93.56,6274.48,month-to-month,none,4,0,0,0
C0399,39,78.73,3267.95,one-year,fiber,1,0,1,0
